article_id,outlet,sentence,verb_lemma,voice,agent_text,agent_category,patient_text,patient_category,hedged
fox_floyd_01_two-cops-conduct-complaints,fox,"Derek Chauvin, the Minneapolis police officer caught on camera kneeling on the neck of George Floyd as he gasped for air, has been the subject of a 10 conduct complaints and three police shootings that led to no disciplinary action during his 19 years on the job.",gasp,active,he,other,,none,False
fox_floyd_01_two-cops-conduct-complaints,fox,"Chauvin, an officer who had been praised for valor during his time on the Minneapolis Police Department, was fired from the force on Tuesday along with three other officers involved in the incident: Thao, Thomas Lane, and J. Alexander Kueng.",fire,passive,Chauvin an officer who had been praised for valor during his time on the Minneapolis Police Department Thao Thomas Lane and J. Alexander Kueng,police,,none,False
fox_floyd_01_two-cops-conduct-complaints,fox,"On Wednesday, Minneapolis Mayor Jacob Frey demanded Chauvin, the officer seen on video kneeling on Floyd's neck, be arrested.",arrest,passive,Chauvin the officer seen on video kneeling on Floyd 's neck,police,,none,False
fox_floyd_01_two-cops-conduct-complaints,fox,"""Why is the man who killed George Floyd not in jail?""",kill,active,who,other,George Floyd,victim,False
fox_floyd_01_two-cops-conduct-complaints,fox,Frey asked.,ask,active,Frey,other,,none,False
fox_floyd_01_two-cops-conduct-complaints,fox,"In 2006, he was one of five officers who responded to a stabbing at the home of Wayne Reyes, a man police claimed stabbed his friend, his girlfriend, and then threatened to kill them all with a shotgun.",respond,active,who,other,,none,True
fox_floyd_01_two-cops-conduct-complaints,fox,"In 2006, he was one of five officers who responded to a stabbing at the home of Wayne Reyes, a man police claimed stabbed his friend, his girlfriend, and then threatened to kill them all with a shotgun.",claim,active,a man police,police,,none,True
fox_floyd_01_two-cops-conduct-complaints,fox,"In 2006, he was one of five officers who responded to a stabbing at the home of Wayne Reyes, a man police claimed stabbed his friend, his girlfriend, and then threatened to kill them all with a shotgun.",kill,active,,none,them all,other,True
fox_floyd_01_two-cops-conduct-complaints,fox,"When he got out of the vehicle with the shotgun in his hand, officers fired several shots at Reyes, killing him.",fire,active,officers,police,several shots,other,False
fox_floyd_01_two-cops-conduct-complaints,fox,"When he got out of the vehicle with the shotgun in his hand, officers fired several shots at Reyes, killing him.",kill,active,,none,him,other,False
fox_floyd_01_two-cops-conduct-complaints,fox,"According to NBC News, it was unclear which officer shot first.",shoot,active,which officer,police,,none,False
fox_floyd_01_two-cops-conduct-complaints,fox,"Later that same year, officers were responding to a domestic call when Chauvin claimed the man reached for his gun.",respond,active,officers,police,,none,True
fox_floyd_01_two-cops-conduct-complaints,fox,"Later that same year, officers were responding to a domestic call when Chauvin claimed the man reached for his gun.",claim,active,Chauvin,police,,none,True
fox_floyd_01_two-cops-conduct-complaints,fox,"The man was shot and wounded, though not by Chauvin.",shoot,passive,The man,civilian,,none,False
fox_floyd_01_two-cops-conduct-complaints,fox,Thao has been sued by a man who alleged Thao and two officers used excessive force during a 2014 arrest.,allege,active,who,other,Thao and two officers,police,True
fox_floyd_01_two-cops-conduct-complaints,fox,"According to the lawsuit, Thao brutally beat up a handcuffed man during an arrest before escorting him to jail in only his underwear and a T-shirt.",beat,active,Thao,police,a handcuffed man,civilian,False
fox_floyd_01_two-cops-conduct-complaints,fox,"A lawsuit stemming from the incident, which was eventually settled out of court, alleged Thao and another officer punched and kneed the man's face and body, which resulted in broken teeth as well as other trauma and bruising.",allege,active,A lawsuit stemming from the incident which was eventually settled out of court,other,,none,True
fox_floyd_01_two-cops-conduct-complaints,fox,"A lawsuit stemming from the incident, which was eventually settled out of court, alleged Thao and another officer punched and kneed the man's face and body, which resulted in broken teeth as well as other trauma and bruising.",punch,active,Thao and another officer,police,,none,True
fox_floyd_01_two-cops-conduct-complaints,fox,"Seth Levanthal, an attorney in the lawsuit, told the Daily Beast that ""seeing that horrific video begs the question: what did the police do internally in response to the 2017 incident,"" adding, ""what happened back in 2017 was a pretty serious incident"" that ""made no headlines at all.""",tell,active,Seth Levanthal an attorney in the lawsuit,other,the Daily Beast,other,False
fox_floyd_01_two-cops-conduct-complaints,fox,The shocking death of Floyd in Minneapolis has led to widespread protests and calls for the officers to be held accountable for their actions on Monday night.,hold,passive,the officers,police,,none,False
fox_floyd_01_two-cops-conduct-complaints,fox,"In the video, Thao is seen standing guard and trying to keep bystanders at bay while Chauvin presses his knee on Floyd's neck for several minutes before Floyd goes limp.",press,active,Chauvin,police,his knee,other,False
fox_floyd_01_two-cops-conduct-complaints,fox,Floyd was pronounced dead shortly thereafter at Hennepin County Medical Center.,pronounce,passive,Floyd,victim,,none,False
fox_floyd_02_gentle-giant-profile,fox,"But like so many other Americans, Floyd lost his job in the service industry when the coronavirus pandemic hit and a stay-at-home order was issued.",lose,active,Floyd,victim,his job,other,False
fox_floyd_02_gentle-giant-profile,fox,"But like so many other Americans, Floyd lost his job in the service industry when the coronavirus pandemic hit and a stay-at-home order was issued.",hit,active,the coronavirus pandemic,other,,none,False
fox_floyd_02_gentle-giant-profile,fox,"Fast forward a few weeks and Floyd, who has been accused of trying to pass a counterfeit $20 bill Monday night, was videotaped pinned on the ground by Minneapolis police officer Derek Chavin and struggled for air and begged for his life.",pin,active,,none,Minneapolis police officer Derek Chavin,police,False
fox_floyd_02_gentle-giant-profile,fox,It also forced leaders in Minneapolis to take a hard look at how its people are policed.,force,active,It,other,leaders in Minneapolis,other,False
fox_floyd_02_gentle-giant-profile,fox,"Although most protests were peaceful, looting was reported, more than a dozen buildings were torched, and one man was shot.",report,passive,looting,other,,none,True
fox_floyd_02_gentle-giant-profile,fox,"Although most protests were peaceful, looting was reported, more than a dozen buildings were torched, and one man was shot.",shoot,passive,one man,civilian,,none,True
fox_floyd_02_gentle-giant-profile,fox,"On Thursday, Minneapolis Police Chief Medaria Arrandondo acknowledged that his department contributed to the so-called ""deficit of hope"" that has plagued the city well before Floyd's death but said urged unruly demonstrators to stay home.",acknowledge,active,Minneapolis Police Chief Medaria Arrandondo,police,,none,False
fox_floyd_02_gentle-giant-profile,fox,"On Thursday, Minneapolis Police Chief Medaria Arrandondo acknowledged that his department contributed to the so-called ""deficit of hope"" that has plagued the city well before Floyd's death but said urged unruly demonstrators to stay home.",say,active,,none,,none,False
fox_floyd_02_gentle-giant-profile,fox,"Yates lost to Temple, 38-20.",lose,active,Yates,other,,none,False
fox_floyd_02_gentle-giant-profile,fox,"Donnell Cooper, one of Floyd's former classmates, said he remembered watching Floyd score touchdowns and commented on how he towered over everyone and earned the nickname ""gentle giant.""  ""Quiet personality but a beautiful spirit,"" Cooper said.",say,active,Donnell Cooper one of Floyd 's former classmates,victim,,none,False
fox_floyd_02_gentle-giant-profile,fox,"Donnell Cooper, one of Floyd's former classmates, said he remembered watching Floyd score touchdowns and commented on how he towered over everyone and earned the nickname ""gentle giant.""  ""Quiet personality but a beautiful spirit,"" Cooper said.",say,active,Cooper,other,,none,False
fox_floyd_02_gentle-giant-profile,fox,"Christopher Harris, Floyd's childhood friend, said he and some of their mutual friends had moved to Minneapolis in search of jobs around 2014.",say,active,Christopher Harris Floyd 's childhood friend,victim,,none,False
fox_floyd_02_gentle-giant-profile,fox,Harris said he talked Floyd into also moving there after he got out of prison.,say,active,Harris,other,,none,False
fox_floyd_02_gentle-giant-profile,fox,"""He was looking to start over fresh, a new beginning,"" Harris said.",say,active,Harris,other,,none,False
fox_floyd_02_gentle-giant-profile,fox,"I said, 'Floyd, don't call me Bossman.",say,active,I,other,,none,False
fox_floyd_02_gentle-giant-profile,fox,Harris said he spoke with Floyd on Sunday night and gave him some information for contacting a temporary jobs agency.,say,active,Harris,other,,none,False
fox_floyd_02_gentle-giant-profile,fox,"""He was doing whatever it takes to maintain going forward with his life,"" Harris said, adding he couldn't believe that Floyd would resort to forgery.",say,active,Harris,other,,none,False
fox_floyd_02_gentle-giant-profile,fox,"""  Floyd's brother, Philonise Floyd, told CNN that ""knowing my brother is to love my brother.""",tell,active,Floyd 's brother Philonise Floyd,victim,CNN,other,False
fox_floyd_02_gentle-giant-profile,fox,"""He's a gentle giant, he don't hurt anybody,"" he told Don Lemon.",tell,active,he,other,Don Lemon,other,False
fox_floyd_02_gentle-giant-profile,fox,"Floyd leaves behind a 6-year-old daughter who still lives in Houston with her mother, Roxie Washington, the Houston Chronicle reported.",report,active,the Houston Chronicle,other,,none,True
fox_floyd_02_gentle-giant-profile,fox,"""The way he died was senseless,"" Harris said.",die,active,he,other,,none,False
fox_floyd_02_gentle-giant-profile,fox,"""The way he died was senseless,"" Harris said.",say,active,Harris,other,,none,False
fox_floyd_02_gentle-giant-profile,fox,He pleaded for his life.,plead,active,He,other,,none,False
fox_floyd_03_autopsy-results,fox,"Crump said the autopsy found the compression cut off blood to Floyd's brain, and weight on his back made it hard to breathe.",say,active,Crump,other,,none,False
fox_floyd_03_autopsy-results,fox,"Crump said the autopsy found the compression cut off blood to Floyd's brain, and weight on his back made it hard to breathe.",breathe,active,,none,,none,False
fox_floyd_03_autopsy-results,fox,"Another autopsy, conducted by the Hennepin County Medical Examiner's office, stated that Floyd died from ""cardiopulmonary arrest complicating law enforcement subdual restraint, and neck compression"" while being restrained, Fox 9 reported.",state,active,Another autopsy conducted by the Hennepin County Medical Examiner 's office,other,,none,True
fox_floyd_03_autopsy-results,fox,"Another autopsy, conducted by the Hennepin County Medical Examiner's office, stated that Floyd died from ""cardiopulmonary arrest complicating law enforcement subdual restraint, and neck compression"" while being restrained, Fox 9 reported.",die,active,Floyd,victim,,none,True
fox_floyd_03_autopsy-results,fox,"Another autopsy, conducted by the Hennepin County Medical Examiner's office, stated that Floyd died from ""cardiopulmonary arrest complicating law enforcement subdual restraint, and neck compression"" while being restrained, Fox 9 reported.",restrain,passive,,none,,none,True
fox_floyd_03_autopsy-results,fox,"Another autopsy, conducted by the Hennepin County Medical Examiner's office, stated that Floyd died from ""cardiopulmonary arrest complicating law enforcement subdual restraint, and neck compression"" while being restrained, Fox 9 reported.",report,active,Fox 9,other,,none,True
fox_floyd_03_autopsy-results,fox,"Forensic pathologist Dr. Michael Baden was one of two doctors hired by the Floyd family to conduct an independent review after prosecutors said a preliminary finding from the official autopsy concluded the combined effects of being restrained, potential intoxicants in Floyd's system and his underlying health issues, including heart disease, likely contributed to his death.",say,active,prosecutors,other,,none,False
fox_floyd_03_autopsy-results,fox,"Forensic pathologist Dr. Michael Baden was one of two doctors hired by the Floyd family to conduct an independent review after prosecutors said a preliminary finding from the official autopsy concluded the combined effects of being restrained, potential intoxicants in Floyd's system and his underlying health issues, including heart disease, likely contributed to his death.",restrain,passive,,none,,none,False
fox_floyd_03_autopsy-results,fox,A video showing a white officer was kneeling on Floyd's neck for eight minutes before his death has sparked national riots in major cities from San Francisco to Boston.,kneel,active,A video showing a white officer,police,,none,False
fox_floyd_03_autopsy-results,fox,"Baden has conducted other independent reviews in similar cases of police brutality including that of Eric Garner, a black man who was placed in a chokehold by New York police who were attempting to arrest him for selling loose cigarettes and would not relent even as he pleaded that he could not breathe.",arrest,active,,none,him,other,True
fox_floyd_03_autopsy-results,fox,"Baden has conducted other independent reviews in similar cases of police brutality including that of Eric Garner, a black man who was placed in a chokehold by New York police who were attempting to arrest him for selling loose cigarettes and would not relent even as he pleaded that he could not breathe.",plead,active,he,other,,none,True
fox_floyd_03_autopsy-results,fox,"Baden has conducted other independent reviews in similar cases of police brutality including that of Eric Garner, a black man who was placed in a chokehold by New York police who were attempting to arrest him for selling loose cigarettes and would not relent even as he pleaded that he could not breathe.",breathe,active,he,other,,none,True
fox_floyd_03_autopsy-results,fox,"Video taken of Floyd's arrest over a suspected counterfeit $20 bill shows former Minneapolis police officer Derek Chauvin, 44, kneeling on Floyd's neck for eight minutes, 46 seconds, including nearly three minutes after Floyd stopped moving and talking.",kneel,active,,none,,none,False
fox_floyd_03_autopsy-results,fox,"Video taken of Floyd's arrest over a suspected counterfeit $20 bill shows former Minneapolis police officer Derek Chauvin, 44, kneeling on Floyd's neck for eight minutes, 46 seconds, including nearly three minutes after Floyd stopped moving and talking.",stop,active,Floyd,victim,,none,False
fox_floyd_03_autopsy-results,fox,"Floyd fell to the ground as police were attempting to put him in the squad car, saying he was claustrophobic, according to the complaint.",say,active,,none,,none,False
fox_floyd_03_autopsy-results,fox,"Floyd can be heard on video saying ""I can't breathe,"" numerous times.",say,active,,none,,none,False
fox_floyd_03_autopsy-results,fox,"Floyd can be heard on video saying ""I can't breathe,"" numerous times.",breathe,active,I,other,,none,False
fox_floyd_03_autopsy-results,fox,Chauvin was arrested on Friday and charged with third-degree murder and second-degree manslaughter and is in custody in state prison.,arrest,passive,Chauvin,police,,none,False
fox_floyd_03_autopsy-results,fox,Three other officers who stood by and watched the incident unfold without intervening were fired the day after the incident but have not been arrested or charged in the case despite cries from the community for swift legal action.,fire,passive,Three other officers who stood by and watched the incident unfold without intervening,police,,none,False
fox_floyd_03_autopsy-results,fox,Three other officers who stood by and watched the incident unfold without intervening were fired the day after the incident but have not been arrested or charged in the case despite cries from the community for swift legal action.,arrest,passive,,none,,none,False
fox_floyd_03_autopsy-results,fox,"Another layer in the case was revealed on Sunday after Crump said Chauvin must have known Floyd before the incident that resulted in his death because the two worked a nightclub together as recently as last year, its former owner said.",say,active,Crump,other,,none,False
fox_floyd_03_autopsy-results,fox,"Another layer in the case was revealed on Sunday after Crump said Chauvin must have known Floyd before the incident that resulted in his death because the two worked a nightclub together as recently as last year, its former owner said.",say,active,its former owner,other,,none,False
fox_floyd_03_autopsy-results,fox,The club owner said she was unsure if Chauvin and Floyd knew each other while they both worked at the same venue.,say,active,The club owner,other,,none,False
fox_floyd_03_autopsy-results,fox,"And so they had to overlap,"" Crump said on CBS News' ""Face The Nation.""",say,active,Crump,other,,none,False
nyt_floyd_01_chauvin-floyd-worked-together,nyt,Skip to contentSkip to site indexSection Navigation Search U.S. GIVE THE TIMES  Account What Happened in the Chaotic Moments Before George Floyd Died The episode began with a report of a $20 counterfeit bill.,die,active,George Floyd,victim,,none,False
nyt_floyd_01_chauvin-floyd-worked-together,nyt,"In a move that has since prompted protests in cities across the country, Mr. Chauvin knelt down on Mr. Floyd behind a police vehicle outside the store.",kneel,active,Mr. Chauvin,police,,none,False
nyt_floyd_01_chauvin-floyd-worked-together,nyt,"For eight minutes and 46 seconds, according to a criminal complaint filed on Friday by the Hennepin County District Attorney, the police officer pressed his knee into Mr. Floyd’s neck in silence, staring toward the ground as his captive gasped repeatedly that he could not breathe.",press,active,the police officer,police,his knee,other,True
nyt_floyd_01_chauvin-floyd-worked-together,nyt,"For eight minutes and 46 seconds, according to a criminal complaint filed on Friday by the Hennepin County District Attorney, the police officer pressed his knee into Mr. Floyd’s neck in silence, staring toward the ground as his captive gasped repeatedly that he could not breathe.",gasp,active,his captive,other,,none,True
nyt_floyd_01_chauvin-floyd-worked-together,nyt,"For eight minutes and 46 seconds, according to a criminal complaint filed on Friday by the Hennepin County District Attorney, the police officer pressed his knee into Mr. Floyd’s neck in silence, staring toward the ground as his captive gasped repeatedly that he could not breathe.",breathe,active,he,other,,none,True
nyt_floyd_01_chauvin-floyd-worked-together,nyt,"Bystanders waved their cellphones, cursed and pleaded for help, and still, for two minutes and 53 seconds after Mr. Floyd had stopped protesting and became unresponsive, the officer continued to kneel.",plead,active,,none,,none,False
nyt_floyd_01_chauvin-floyd-worked-together,nyt,"Bystanders waved their cellphones, cursed and pleaded for help, and still, for two minutes and 53 seconds after Mr. Floyd had stopped protesting and became unresponsive, the officer continued to kneel.",stop,active,Mr. Floyd,victim,,none,False
nyt_floyd_01_chauvin-floyd-worked-together,nyt,"Bystanders waved their cellphones, cursed and pleaded for help, and still, for two minutes and 53 seconds after Mr. Floyd had stopped protesting and became unresponsive, the officer continued to kneel.",kneel,active,,none,,none,False
nyt_floyd_01_chauvin-floyd-worked-together,nyt,"The case has become part of a now-familiar history of police violence in recent years in which African-American men have died in encounters that were shockingly mundane in their origins — Eric Garner, who died after a 2014 arrest in New York for selling cigarettes without tax stamps; Michael Brown, who died in an encounter with the police the same year in Ferguson, Mo., after walking in the street instead of using the sidewalk.",die,active,African American men,other,,none,False
nyt_floyd_01_chauvin-floyd-worked-together,nyt,"The case has become part of a now-familiar history of police violence in recent years in which African-American men have died in encounters that were shockingly mundane in their origins — Eric Garner, who died after a 2014 arrest in New York for selling cigarettes without tax stamps; Michael Brown, who died in an encounter with the police the same year in Ferguson, Mo., after walking in the street instead of using the sidewalk.",die,active,who,other,,none,False
nyt_floyd_01_chauvin-floyd-worked-together,nyt,"The case has become part of a now-familiar history of police violence in recent years in which African-American men have died in encounters that were shockingly mundane in their origins — Eric Garner, who died after a 2014 arrest in New York for selling cigarettes without tax stamps; Michael Brown, who died in an encounter with the police the same year in Ferguson, Mo., after walking in the street instead of using the sidewalk.",die,active,who,other,,none,False
nyt_floyd_01_chauvin-floyd-worked-together,nyt,Mr. Floyd’s case began with a report of a counterfeit $20 bill that a storekeeper said he tried to pass to buy cigarettes.,say,active,a storekeeper,other,,none,False
nyt_floyd_01_chauvin-floyd-worked-together,nyt,"“He died for nothing — something about a fake bill — that was nothing,” said Jason Polk, 53, a city bus driver and one of a number of South Minneapolis residents who have expressed outrage over the case.",die,active,He,other,,none,False
nyt_floyd_01_chauvin-floyd-worked-together,nyt,"“He died for nothing — something about a fake bill — that was nothing,” said Jason Polk, 53, a city bus driver and one of a number of South Minneapolis residents who have expressed outrage over the case.",say,active,Jason Polk 53 a city bus driver and one of a number of South Minneapolis residents who have expressed outrage over the case,civilian,,none,False
nyt_floyd_01_chauvin-floyd-worked-together,nyt,"“Thank God a young person had a camera to video it,” the governor said.",say,active,the governor,other,,none,False
nyt_floyd_01_chauvin-floyd-worked-together,nyt,"Glen Stubbe/Star Tribune, via Associated Press With Mr. Chauvin in custody and formally charged with third-degree murder and second-degree manslaughter, prosecutors must now try to understand what happened in the chaotic moments before Mr. Floyd was taken to the Hennepin County Medical Center and pronounced dead at 9:25 p.m.  Accounts from witnesses, cellphone and surveillance video and charging documents released on Friday tell much of the story of how the “forgery-in-progress” arrest unfolded.",pronounce,active,,none,,none,False
nyt_floyd_01_chauvin-floyd-worked-together,nyt,"Glen Stubbe/Star Tribune, via Associated Press With Mr. Chauvin in custody and formally charged with third-degree murder and second-degree manslaughter, prosecutors must now try to understand what happened in the chaotic moments before Mr. Floyd was taken to the Hennepin County Medical Center and pronounced dead at 9:25 p.m.  Accounts from witnesses, cellphone and surveillance video and charging documents released on Friday tell much of the story of how the “forgery-in-progress” arrest unfolded.",tell,active,,none,much of the story of how the forgery in progress arrest unfolded,other,False
nyt_floyd_01_chauvin-floyd-worked-together,nyt,"When he returned to Houston for his mother’s funeral two years ago, he told a cousin that Minneapolis had come to feel like home.",tell,active,he,other,a cousin,other,False
nyt_floyd_01_chauvin-floyd-worked-together,nyt,"“He was such a happy guy, he loved to be around people, loved to dance and he loved Minneapolis,” said Jovanni Thunstrom, who owned the Conga Latin Bistro where Mr. Floyd worked security on salsa nights.",say,active,Jovanni Thunstrom who owned the Conga Latin Bistro where Mr. Floyd worked security on salsa nights,victim,,none,False
nyt_floyd_01_chauvin-floyd-worked-together,nyt,"Maya Santamaria, who sold the club in January, said she doubted that the two men interacted.",say,active,Maya Santamaria who sold the club in January,other,,none,False
nyt_floyd_01_chauvin-floyd-worked-together,nyt,"Mr. Floyd worked the occasional weeknight, she said, while Mr. Chauvin worked security on weekends over the past 17 years.",say,active,she,other,,none,False
nyt_floyd_01_chauvin-floyd-worked-together,nyt,"Sometimes during the club’s boisterous “urban nights,” she said, when it draws a primarily African-American clientele, Mr. Chauvin was sometimes overly aggressive with customers, sometimes using pepper spray, she said.",say,active,she,other,,none,False
nyt_floyd_01_chauvin-floyd-worked-together,nyt,"Sometimes during the club’s boisterous “urban nights,” she said, when it draws a primarily African-American clientele, Mr. Chauvin was sometimes overly aggressive with customers, sometimes using pepper spray, she said.",say,active,she,other,,none,False
nyt_floyd_01_chauvin-floyd-worked-together,nyt,"“I did have words with him on various occasions, when I thought he was not reacting appropriately based on the situation at hand,” she said.",say,active,she,other,,none,False
nyt_floyd_01_chauvin-floyd-worked-together,nyt,"Mr. Floyd’s younger brother, Rodney Floyd, 36, said he was the center of any room he walked into.",say,active,Mr. Floyd ’s younger brother Rodney Floyd 36,victim,,none,False
nyt_floyd_01_chauvin-floyd-worked-together,nyt,"The fatal encounter began just before 8 p.m., when Mr. Floyd entered Cup Foods, a community store run by four brothers, and a store clerk claimed that he had paid for cigarettes with a counterfeit $20 bill.",claim,active,a store clerk,other,,none,True
nyt_floyd_01_chauvin-floyd-worked-together,nyt,"The police got a call from the store at 8:01 p.m.  “Um, someone comes our store and give us fake bills, and we realize it before he left the store,” the caller said, according to a transcript released by the authorities, “and we ran back outside, they was sitting on their car.”",say,active,the caller,other,,none,False
nyt_floyd_01_chauvin-floyd-worked-together,nyt,"“But he doesn’t want to do that, and he’s sitting on his car ‘cause he is awfully drunk and he’s not in control of himself,” the clerk said, according to a transcript of the call to police.",say,active,the clerk,other,,none,False
nyt_floyd_01_chauvin-floyd-worked-together,nyt,"The dispatcher pressed for a description, and the caller described the man as tall, bald, about 6 feet tall.",press,active,The dispatcher,other,,none,False
nyt_floyd_01_chauvin-floyd-worked-together,nyt,"White, black, Native, Hispanic, Asian?”  “No, he’s a black guy,” the caller said.",say,active,the caller,other,,none,False
nyt_floyd_01_chauvin-floyd-worked-together,nyt,"Ms. Stately said the clerk, a teenager, was feeling bad; he had called the police, he told her, only because it was protocol.",say,active,Ms. Stately,other,,none,False
nyt_floyd_01_chauvin-floyd-worked-together,nyt,"Ms. Stately said the clerk, a teenager, was feeling bad; he had called the police, he told her, only because it was protocol.",tell,active,he,other,her,other,False
nyt_floyd_01_chauvin-floyd-worked-together,nyt,The clerk held up a folded bill and showed it to her.,hold,active,The clerk,other,a folded bill,other,False
nyt_floyd_01_chauvin-floyd-worked-together,nyt,"The bill was an obvious fake, she said.",say,active,she,other,,none,False
nyt_floyd_01_chauvin-floyd-worked-together,nyt,"“The ink was still running,” she said.",say,active,she,other,,none,False
nyt_floyd_01_chauvin-floyd-worked-together,nyt,"Ms. Stately said she saw an officer approach Mr. Floyd, with his hand at his gun at his hip.",say,active,Ms. Stately,other,,none,False
nyt_floyd_01_chauvin-floyd-worked-together,nyt,"Ms. Stately said she saw an officer approach Mr. Floyd, with his hand at his gun at his hip.",approach,active,an officer,police,Mr. Floyd,victim,False
nyt_floyd_01_chauvin-floyd-worked-together,nyt,The charging documents say that officers found Mr. Floyd in a parked blue car with two passengers.,say,active,The charging documents,other,,none,False
nyt_floyd_01_chauvin-floyd-worked-together,nyt,"“Mr. Floyd did not voluntarily get in the car and struggled with the officers, intentionally falling down, saying he was not going in the car, and refusing to stand still,” according to the charging document.",say,active,,none,,none,False
nyt_floyd_01_chauvin-floyd-worked-together,nyt,"Even before he was placed on the ground under Mr. Chauvin’s knee, according to the prosecutors’ account, while standing outside the car, Mr. Floyd began saying repeatedly that he could not breathe.",say,active,,none,,none,True
nyt_floyd_01_chauvin-floyd-worked-together,nyt,"Even before he was placed on the ground under Mr. Chauvin’s knee, according to the prosecutors’ account, while standing outside the car, Mr. Floyd began saying repeatedly that he could not breathe.",breathe,active,he,other,,none,True
nyt_floyd_01_chauvin-floyd-worked-together,nyt,"Mr. Floyd hit the ground, face down, handcuffs still on.",hit,active,Mr. Floyd,victim,the ground,other,False
nyt_floyd_01_chauvin-floyd-worked-together,nyt,Mr. Kueng held Mr. Floyd’s back while Officer Thomas Lane held his legs.,hold,active,Mr. Kueng,police,Mr. Floyd,victim,False
nyt_floyd_01_chauvin-floyd-worked-together,nyt,Mr. Kueng held Mr. Floyd’s back while Officer Thomas Lane held his legs.,hold,active,Officer Thomas Lane,police,his legs,other,False
nyt_floyd_01_chauvin-floyd-worked-together,nyt,"Mr. Chauvin lodged his left knee in “the area of Mr. Floyd’s head and neck,” the documents said, and Mr. Floyd continued to protest: “I can’t breathe,” he said repeatedly.",say,active,the documents,other,,none,False
nyt_floyd_01_chauvin-floyd-worked-together,nyt,"Mr. Chauvin lodged his left knee in “the area of Mr. Floyd’s head and neck,” the documents said, and Mr. Floyd continued to protest: “I can’t breathe,” he said repeatedly.",breathe,active,I,other,,none,False
nyt_floyd_01_chauvin-floyd-worked-together,nyt,"Mr. Chauvin lodged his left knee in “the area of Mr. Floyd’s head and neck,” the documents said, and Mr. Floyd continued to protest: “I can’t breathe,” he said repeatedly.",say,active,he,other,,none,False
nyt_floyd_01_chauvin-floyd-worked-together,nyt,Video Video Shows George Floyd Telling Police,tell,active,,none,,none,False
nyt_floyd_01_chauvin-floyd-worked-together,nyt,He Can’t Breathe  1:19 A bystander’s video in Minneapolis shows a police officer with his knee on Mr. Floyd’s neck during an arrest.,breathe,active,He,other,"1:19 
 A bystander ’s video",civilian,False
nyt_floyd_01_chauvin-floyd-worked-together,nyt,"He died a “short time” later, the police said.",die,active,He,other,a short time,other,False
nyt_floyd_01_chauvin-floyd-worked-together,nyt,"He died a “short time” later, the police said.",say,active,the police,police,,none,False
nyt_floyd_01_chauvin-floyd-worked-together,nyt,"He said, “Please.”",say,active,He,other,,none,False
nyt_floyd_01_chauvin-floyd-worked-together,nyt,"“You are talking fine,” one officer said, according to the charging documents.",say,active,one officer,police,,none,False
nyt_floyd_01_chauvin-floyd-worked-together,nyt,At least one officer was worried: Mr. Lane asked if the officers should roll Mr. Floyd over on his side.,ask,active,Mr. Lane,police,,none,False
nyt_floyd_01_chauvin-floyd-worked-together,nyt,"“I am worried about excited delirium or whatever,” Mr. Lane said.",say,active,Mr. Lane,police,,none,False
nyt_floyd_01_chauvin-floyd-worked-together,nyt,"“That’s why we have him on his stomach,” Mr. Chauvin responded.",respond,active,Mr. Chauvin,police,,none,False
nyt_floyd_01_chauvin-floyd-worked-together,nyt,"At 8:24 p.m., Mr. Floyd stopped moving.",stop,active,Mr. Floyd,victim,,none,False
nyt_floyd_01_chauvin-floyd-worked-together,nyt,"“I couldn’t find one,” he said.",say,active,he,other,,none,False
nyt_floyd_01_chauvin-floyd-worked-together,nyt,"The medical examiner’s office listed the time of death as 9:25 p.m.  Matt Furber reported from Minneapolis, Audra D.S. Burch from Hollywood, Fla., and Frances Robles from Key West, Fla.",report,active,,none,,none,True
nyt_floyd_01_chauvin-floyd-worked-together,nyt,Manny Fernandez contributed reporting from Houston.,report,active,,none,,none,False
nyt_floyd_01_chauvin-floyd-worked-together,nyt,"When we learn of a mistake, we acknowledge it with a correction.",acknowledge,active,we,other,it,other,False
nyt_floyd_02_knee-neck-floyd-death,nyt,"But in Minneapolis, a knee pressing on a neck led to a man’s death.",press,active,,none,,none,False
nyt_floyd_02_knee-neck-floyd-death,nyt,"The Minneapolis Police Department manual states that neck restraints are basically reserved for when an officer feels caught in a life or death situation, which did not appear to be the case in Mr. Floyd’s detention.",state,active,The Minneapolis Police Department manual,police,,none,False
nyt_floyd_02_knee-neck-floyd-death,nyt,"In the cellphone video of George Floyd’s death, the arresting officer, Derek Chauvin, keeps a knee pressed on the back of his neck for about eight minutes until Mr. Floyd stops speaking or moving.",arrest,active,,none,,none,False
nyt_floyd_02_knee-neck-floyd-death,nyt,"In the cellphone video of George Floyd’s death, the arresting officer, Derek Chauvin, keeps a knee pressed on the back of his neck for about eight minutes until Mr. Floyd stops speaking or moving.",press,active,,none,,none,False
nyt_floyd_02_knee-neck-floyd-death,nyt,"In the cellphone video of George Floyd’s death, the arresting officer, Derek Chauvin, keeps a knee pressed on the back of his neck for about eight minutes until Mr. Floyd stops speaking or moving.",stop,active,Mr. Floyd,victim,,none,False
nyt_floyd_02_knee-neck-floyd-death,nyt,"“It is a technique that we don’t use as much anymore because of the vulnerability,” said Mylan Masson, a former police officer who ran a training program for the Minneapolis police for 15 years until 2016.",say,active,Mylan Masson a former police officer who ran a training program for the Minneapolis police for 15 years until 2016,police,,none,False
nyt_floyd_02_knee-neck-floyd-death,nyt,"The full details of what happened have yet to emerge, in particular what police body cameras might show about any altercation between Mr. Floyd and Mr. Chauvin, 44, a 19-year veteran of the department who has since been fired.",fire,passive,who,other,,none,True
nyt_floyd_02_knee-neck-floyd-death,nyt,The manual of the Minneapolis Police Department states that neck restraints and chokeholds are basically reserved for when an officer feels caught in a life-or-death situation.,state,active,The manual of the Minneapolis Police Department,police,,none,False
nyt_floyd_02_knee-neck-floyd-death,nyt,"Criminologists viewing the tape said the knee restraint not only put dangerous pressure on the back of the neck, but that Mr. Floyd was kept lying on his stomach for too long.",say,active,Criminologists viewing the tape,other,,none,False
nyt_floyd_02_knee-neck-floyd-death,nyt,"“Keeping Mr. Floyd in the facedown position with his hands cuffed behind his back is probably what killed him,” said Seth W. Stoughton, a former police officer who studies policing and is a professor at the University of South Carolina School of Law.",kill,active,what,other,him,other,False
nyt_floyd_02_knee-neck-floyd-death,nyt,"“Keeping Mr. Floyd in the facedown position with his hands cuffed behind his back is probably what killed him,” said Seth W. Stoughton, a former police officer who studies policing and is a professor at the University of South Carolina School of Law.",say,active,Seth W. Stoughton a former police officer who studies policing and is a professor at the University of South Carolina School of Law,police,,none,False
nyt_floyd_02_knee-neck-floyd-death,nyt,"Police training started emphasizing avoiding that prone position about 20 years ago, he said.",say,active,he,other,,none,False
nyt_floyd_02_knee-neck-floyd-death,nyt,"In terms of chokeholds, those departments that still allow them usually stress using a kind of wrestling hold, in which the officer wraps his arm around the person’s neck and applies pressure, he said.",say,active,he,other,,none,False
nyt_floyd_02_knee-neck-floyd-death,nyt,"The idea is to subdue them as quickly as possible in order to get them into a squad car, not to leave them in that possibly deadly position for minute after minute, as happened with Mr. Floyd.",subdue,active,,none,them,other,False
nyt_floyd_02_knee-neck-floyd-death,nyt,"In addition, applying the knee to the back of the neck rather than to the sides risks killing or seriously injuring someone by cutting off the air supply or damaging the cervical spine and other delicate bones in the neck, Mr. Stoughton said.",kill,active,,none,,none,False
nyt_floyd_02_knee-neck-floyd-death,nyt,"In addition, applying the knee to the back of the neck rather than to the sides risks killing or seriously injuring someone by cutting off the air supply or damaging the cervical spine and other delicate bones in the neck, Mr. Stoughton said.",say,active,Mr. Stoughton,other,,none,False
nyt_floyd_02_knee-neck-floyd-death,nyt,"No department permits such a technique in ordinary circumstances, he and others said.",say,active,he and others,other,,none,False
nyt_floyd_02_knee-neck-floyd-death,nyt,"A chokehold is meant to cut off someone’s air supply if the officer feels his or her life is threatened, the manual says.",say,active,the manual,other,,none,False
nyt_floyd_02_knee-neck-floyd-death,nyt,"The manual further explains that the conscious neck restraint may be used against a subject who is “actively resisting,” while rendering the person unconscious should be limited to someone who is aggressive or “for lifesaving purposes.”  John Elder, a spokesman for the Minneapolis Police Department, did not respond to a query about whether the knee restraint used by Mr. Chauvin corresponded to those guidelines.",respond,active,"

 John Elder a spokesman for the Minneapolis Police Department",police,,none,True
nyt_floyd_02_knee-neck-floyd-death,nyt,"Many police departments, including the one in Minneapolis, stopped teaching the knee restraint technique and also sought to limit the use of chokeholds after the highly publicized death of Eric Garner in 2014 at the hands of the New York Police Department.",stop,active,Many police departments including the one in Minneapolis,police,,none,False
nyt_floyd_02_knee-neck-floyd-death,nyt,"Mr. Garner famously gasped “I can’t breathe” 11 times while lying facedown on the sidewalk, a sentence that Mr. Floyd also said several times.",gasp,active,Mr. Garner,other,,none,False
nyt_floyd_02_knee-neck-floyd-death,nyt,"Mr. Garner famously gasped “I can’t breathe” 11 times while lying facedown on the sidewalk, a sentence that Mr. Floyd also said several times.",breathe,active,I,other,,none,False
nyt_floyd_02_knee-neck-floyd-death,nyt,"Mr. Garner famously gasped “I can’t breathe” 11 times while lying facedown on the sidewalk, a sentence that Mr. Floyd also said several times.",say,active,Mr. Floyd,victim,,none,False
nyt_floyd_02_knee-neck-floyd-death,nyt,The medical examiner ruled Mr. Garner’s death a homicide caused by the compression of his neck from a “chokehold” and the compression of his chest held on the ground in a prone position.,hold,active,,none,,none,False
nyt_floyd_02_knee-neck-floyd-death,nyt,"Officer Daniel Pantaleo, who held Mr. Garner in a chokehold, was fired but not charged, inciting protests nationwide.",hold,active,who,other,Mr. Garner,other,False
nyt_floyd_02_knee-neck-floyd-death,nyt,"Officer Daniel Pantaleo, who held Mr. Garner in a chokehold, was fired but not charged, inciting protests nationwide.",fire,passive,Officer Daniel Pantaleo who held Mr. Garner in a chokehold,police,,none,False
nyt_floyd_02_knee-neck-floyd-death,nyt,"In Minneapolis, the law enforcement training course that Ms. Masson directed at Hennepin Technical College stopped teaching the knee restraint technique to aspiring police officers after the Garner case, she said, adding that veteran officers should also have learned of the change.",stop,active,the law enforcement training course that Ms. Masson directed at Hennepin Technical College,other,,none,False
nyt_floyd_02_knee-neck-floyd-death,nyt,"In Minneapolis, the law enforcement training course that Ms. Masson directed at Hennepin Technical College stopped teaching the knee restraint technique to aspiring police officers after the Garner case, she said, adding that veteran officers should also have learned of the change.",say,active,she,other,,none,False
nyt_floyd_02_knee-neck-floyd-death,nyt,"Students in the two-year degree program required of all prospective officers, she said, were instead taught to apply pressure across the upper back.",say,active,she,other,,none,False
nyt_floyd_02_knee-neck-floyd-death,nyt,"“As soon as the threat is gone, you stop the force, whatever it might be,” she said.",stop,active,you,other,the force whatever it might be,police,True
nyt_floyd_02_knee-neck-floyd-death,nyt,"“As soon as the threat is gone, you stop the force, whatever it might be,” she said.",say,active,she,other,,none,True
nyt_floyd_02_knee-neck-floyd-death,nyt,"Carl Takei, a senior staff lawyer at the American Civil Liberties Union who focuses on police practices, said departments that still allowed chokeholds try to differentiate between cutting off the flow of blood, which renders someone unconscious, and cutting off the flow of oxygen, which is deadly.",say,active,Carl Takei a senior staff lawyer at the American Civil Liberties Union who focuses on police practices,police,departments that still allowed chokeholds try to differentiate between cutting off the flow of blood which renders someone unconscious and cutting off the flow of oxygen which is deadly,other,False
nyt_floyd_02_knee-neck-floyd-death,nyt,"“There is still a significant risk that attempting to cut off the flow of blood will also cut off the flow of air,” he said, which was why the A.C.L.U. opposed the technique.",say,active,he,other,,none,False
nyt_floyd_02_knee-neck-floyd-death,nyt,"The fact that Mr. Chauvin kept applying pressure when Mr. Floyd was no longer struggling made it appear to be a case of an officer trying to punish a suspect for doing something that the police did not like — which could include resisting arrest, spitting or insulting an officer, experts said.",say,active,experts,other,,none,True
nyt_floyd_02_knee-neck-floyd-death,nyt,"“It is teaching someone a lesson — next time you will think twice about what you do,” said Philip M. Stinson, a former police officer turned criminal justice professor at Bowling Green State University.",say,active,,none,,none,False
nyt_floyd_02_knee-neck-floyd-death,nyt,"Andy Skoogman, the executive director of the Minnesota Chiefs of Police Association, said the group’s 300 members were appalled by the tactic the officer used in the Floyd case and the “lack of empathy” he showed.",say,active,Andy Skoogman the executive director of the Minnesota Chiefs of Police Association,police,,none,False
nyt_floyd_02_knee-neck-floyd-death,nyt,"“Bottom line: any type of use-of-force technique must stop when compliance is achieved,” he said, adding that he did not know of any police department in the state that trained in that technique.",stop,active,any type of use of force technique,police,,none,False
nyt_floyd_02_knee-neck-floyd-death,nyt,"“Bottom line: any type of use-of-force technique must stop when compliance is achieved,” he said, adding that he did not know of any police department in the state that trained in that technique.",say,active,he,other,,none,False
nyt_floyd_02_knee-neck-floyd-death,nyt,Mike Baker contributed reporting.,report,active,,none,,none,False
nyt_floyd_02_knee-neck-floyd-death,nyt,"He spent more than 15 years reporting from around the Mideast, including five as Cairo bureau chief, and wrote two books about the region.",report,active,,none,,none,False
nyt_floyd_03_floyd-investigation,nyt,Skip to contentSkip to site indexSection Navigation Search U.S. GIVE THE TIMES  Account VISUAL INVESTIGATIONS  How George Floyd Was Killed in Police Custody The Times has reconstructed the death of George Floyd on May 25.,kill,passive,George Floyd,victim,,none,True
nyt_floyd_03_floyd-investigation,nyt,"Share full article  746 Video How George Floyd Was Killed in Police Custody  9:44 The Times has reconstructed the death of George Floyd on May 25, 2020.",kill,passive,George Floyd,victim,,none,True
nyt_floyd_03_floyd-investigation,nyt,"On May 25, Minneapolis police officers arrested George Floyd, a 46-year-old black man, after a convenience store employee called 911 and told the police that Mr. Floyd had bought cigarettes with a counterfeit $20 bill.",arrest,active,Minneapolis police officers,police,George Floyd a 46 year old black man,victim,True
nyt_floyd_03_floyd-investigation,nyt,"On May 25, Minneapolis police officers arrested George Floyd, a 46-year-old black man, after a convenience store employee called 911 and told the police that Mr. Floyd had bought cigarettes with a counterfeit $20 bill.",tell,active,,none,the police,police,True
nyt_floyd_03_floyd-investigation,nyt,"Seventeen minutes after the first squad car arrived at the scene, Mr. Floyd was unconscious and pinned beneath three police officers, showing no signs of life.",pin,active,,none,,none,False
nyt_floyd_03_floyd-investigation,nyt,"Our video shows officers taking a series of actions that violated the policies of the Minneapolis Police Department and turned fatal, leaving Mr. Floyd unable to breathe, even as he and onlookers called out for help.",breathe,active,,none,,none,False
nyt_floyd_03_floyd-investigation,nyt,"The day after Mr. Floyd’s death, the Police Department fired all four of the officers involved in the episode.",fire,active,the Police Department,police,all four of the officers involved in the episode,police,False
nyt_floyd_03_floyd-investigation,nyt,"On May 29, the Hennepin County attorney, Mike Freeman, announced third-degree murder and second-degree manslaughter charges against Derek Chauvin, the officer seen most clearly in witness videos pinning Mr. Floyd to the ground.",pin,active,videos,other,Mr. Floyd,victim,True
nyt_floyd_03_floyd-investigation,nyt,Our video investigation shows that Mr. Chauvin did not remove his knee even after Mr. Floyd lost consciousness and for a full minute and 20 seconds after paramedics arrived at the scene.,lose,active,Mr. Floyd,victim,consciousness,other,False
nyt_floyd_03_floyd-investigation,nyt,"On June 18, the Hennepin County attorney’s office said that its criminal complaint misstated the amount of time Mr. Chauvin kept his knee on Mr. Floyd’s neck.",say,active,the Hennepin County attorney ’s office,other,,none,False
nyt_floyd_03_floyd-investigation,nyt,"The complaint originally said that Mr. Chauvin had done so for eight minutes and 46 seconds, a length of time that became a symbol and rallying cry for protesters.",say,active,The complaint,other,,none,False
nyt_floyd_03_floyd-investigation,nyt,"Responding to inquiries from journalists who noted a discrepancy with the durations listed in the complaint, the office said the actual time was seven minutes and 46 seconds.",respond,active,,none,,none,False
nyt_floyd_03_floyd-investigation,nyt,"Responding to inquiries from journalists who noted a discrepancy with the durations listed in the complaint, the office said the actual time was seven minutes and 46 seconds.",say,active,the office,other,,none,False
nyt_floyd_03_floyd-investigation,nyt,"“It makes no difference,” said Jamar Nelson, who works with the families of crime victims in Minneapolis.",say,active,Jamar Nelson who works with the families of crime victims in Minneapolis,other,,none,False
nyt_floyd_03_floyd-investigation,nyt,"“The bottom line is, it was long enough to kill him, long enough to execute him.”  Nicholas Bogel-Burroughs contributed reporting.",kill,active,,none,him,other,False
nyt_floyd_03_floyd-investigation,nyt,"“The bottom line is, it was long enough to kill him, long enough to execute him.”  Nicholas Bogel-Burroughs contributed reporting.",report,active,,none,,none,False
nyt_floyd_03_floyd-investigation,nyt,"Christiaan Triebert is a journalist on the Visual Investigations team, which combines traditional reporting with open source methods to break news and hold the powerful to account.",hold,active,,none,the powerful to account,other,False
nyt_floyd_04_autopsy-baden,nyt,How Did George Floyd Die?,die,active,George Floyd,victim,,none,False
nyt_floyd_04_autopsy-baden,nyt,Here’s What We Know Share full article   How Did George Floyd Die?,die,active,George Floyd,victim,,none,False
nyt_floyd_04_autopsy-baden,nyt,Share full article    Terrence Floyd visits the site where his brother George Floyd was detained by the Minneapolis police last week.,detain,passive,the Minneapolis police,police,his brother George Floyd,victim,False
nyt_floyd_04_autopsy-baden,nyt,"Victor J. Blue for The New York Times By Frances Robles and Audra D. S. Burch June 2, 2020 George Floyd, 46, died after being handcuffed on the street in the custody of the Minneapolis police on Memorial Day.",die,active,"Victor J. Blue for The New York Times 
 By Frances Robles and Audra D. S. Burch 
 June 2 2020 
 George Floyd 46",victim,,none,False
nyt_floyd_04_autopsy-baden,nyt,"Victor J. Blue for The New York Times By Frances Robles and Audra D. S. Burch June 2, 2020 George Floyd, 46, died after being handcuffed on the street in the custody of the Minneapolis police on Memorial Day.",handcuff,passive,,none,,none,False
nyt_floyd_04_autopsy-baden,nyt,An officer responding to a report that Mr. Floyd had tried to pass a fake $20 bill helped hold him down by lodging a knee on his neck for nearly nine minutes.,respond,active,,none,,none,False
nyt_floyd_04_autopsy-baden,nyt,An officer responding to a report that Mr. Floyd had tried to pass a fake $20 bill helped hold him down by lodging a knee on his neck for nearly nine minutes.,hold,active,,none,him,other,False
nyt_floyd_04_autopsy-baden,nyt,He died shortly after lapsing into unconsciousness.,die,active,He,other,,none,False
nyt_floyd_04_autopsy-baden,nyt,"The criminal complaint supporting a murder charge for the officer, which referred to the Hennepin County medical examiner’s preliminary findings, said the autopsy had discounted traumatic asphyxia or strangulation as the cause of Mr. Floyd’s death.",say,active,The criminal complaint supporting a murder charge for the officer which referred to the Hennepin County medical examiner ’s preliminary findings,police,,none,False
nyt_floyd_04_autopsy-baden,nyt,"But on Monday afternoon, the lawyers representing his family presented a very different version of how Mr. Floyd died.",die,active,Mr. Floyd,victim,,none,False
nyt_floyd_04_autopsy-baden,nyt,"In their telling, three officers on the scene killed Mr. Floyd and should be held criminally responsible.",kill,active,three officers on the scene,police,Mr. Floyd,victim,False
nyt_floyd_04_autopsy-baden,nyt,"In their telling, three officers on the scene killed Mr. Floyd and should be held criminally responsible.",hold,passive,,none,,none,False
nyt_floyd_04_autopsy-baden,nyt,"The private autopsy by doctors hired by Mr. Floyd’s family determined that he died not just because of the knee on his neck — held there by the officer, Derek Chauvin — but also because of two other officers who helped pin him down by applying pressure on his back.",die,active,he,other,,none,False
nyt_floyd_04_autopsy-baden,nyt,"The private autopsy by doctors hired by Mr. Floyd’s family determined that he died not just because of the knee on his neck — held there by the officer, Derek Chauvin — but also because of two other officers who helped pin him down by applying pressure on his back.",hold,active,,none,the officer,police,False
nyt_floyd_04_autopsy-baden,nyt,"The private autopsy by doctors hired by Mr. Floyd’s family determined that he died not just because of the knee on his neck — held there by the officer, Derek Chauvin — but also because of two other officers who helped pin him down by applying pressure on his back.",pin,active,,none,him,other,False
nyt_floyd_04_autopsy-baden,nyt,"All three officers were fired last week, as was a fourth officer at the scene.",fire,passive,All three officers,police,,none,False
nyt_floyd_04_autopsy-baden,nyt,"In other words, Mr. Floyd’s heart stopped beating and his lungs stopped taking in air while he was being restrained by law enforcement.",stop,active,Mr. Floyd ’s heart,victim,,none,False
nyt_floyd_04_autopsy-baden,nyt,"In other words, Mr. Floyd’s heart stopped beating and his lungs stopped taking in air while he was being restrained by law enforcement.",beat,active,,none,,none,False
nyt_floyd_04_autopsy-baden,nyt,"In other words, Mr. Floyd’s heart stopped beating and his lungs stopped taking in air while he was being restrained by law enforcement.",stop,active,his lungs,other,,none,False
nyt_floyd_04_autopsy-baden,nyt,"In other words, Mr. Floyd’s heart stopped beating and his lungs stopped taking in air while he was being restrained by law enforcement.",restrain,passive,law enforcement,other,he,other,False
nyt_floyd_04_autopsy-baden,nyt,The criminal complaint said that the autopsy “revealed no physical findings that support a diagnosis of traumatic asphyxia or strangulation.”,say,active,The criminal complaint,suspect,,none,False
nyt_floyd_04_autopsy-baden,nyt,"Mr. Floyd, the complaint said, had underlying health conditions, including coronary artery disease and hypertensive heart disease.",say,active,the complaint,other,,none,False
nyt_floyd_04_autopsy-baden,nyt,A 10-minute cellphone video of the encounter showed Mr. Chauvin holding his knee on the back of Mr. Floyd’s neck for eight minutes and 46 seconds.,hold,active,Mr. Chauvin,police,his knee,other,False
nyt_floyd_04_autopsy-baden,nyt,"Mr. Floyd was unresponsive for nearly three minutes of the encounter after he repeatedly gasped, “I can’t breathe.”",gasp,active,he,other,,none,False
nyt_floyd_04_autopsy-baden,nyt,"Mr. Floyd was unresponsive for nearly three minutes of the encounter after he repeatedly gasped, “I can’t breathe.”",breathe,active,I,other,,none,False
nyt_floyd_04_autopsy-baden,nyt,"The findings by the family’s private medical examiners directly contradict the report that there was no asphyxia, said Dr. Allecia M. Wilson, of the University of Michigan, one of the doctors who examined his body.",say,active,Dr. Allecia M. Wilson of the University of Michigan one of the doctors who examined his body,other,,none,False
nyt_floyd_04_autopsy-baden,nyt,"The physical evidence showed that the pressure applied led to his death, she said.",say,active,she,other,,none,False
nyt_floyd_04_autopsy-baden,nyt,"In an interview, Dr. Michael Baden, who also participated in the private autopsy, said there was also some hemorrhaging around the right carotid area.",say,active,Dr. Michael Baden who also participated in the private autopsy,other,,none,False
nyt_floyd_04_autopsy-baden,nyt,"Although she has not had access to the full medical examiner’s report, Dr. Wilson said: “We have seen accounts from the complaint and based on that, yes our findings do differ.",say,active,Dr. Wilson,other,,none,False
nyt_floyd_04_autopsy-baden,nyt,Some of the information I read from that complaint states that there was no evidence of traumatic asphyxia.,state,active,Some of the information I read from that complaint,other,,none,False
nyt_floyd_04_autopsy-baden,nyt,"Those items are not likely to change the results, she said.",say,active,she,other,,none,False
nyt_floyd_04_autopsy-baden,nyt,The private doctors also said that any underlying conditions Mr. Floyd had did not kill him or contribute to his death.,say,active,The private doctors,other,,none,False
nyt_floyd_04_autopsy-baden,nyt,The private doctors also said that any underlying conditions Mr. Floyd had did not kill him or contribute to his death.,kill,active,Mr. Floyd,victim,him,other,False
nyt_floyd_04_autopsy-baden,nyt,"“He was in good health,” Dr. Baden said.",say,active,Dr. Baden,other,,none,False
nyt_floyd_04_autopsy-baden,nyt,"But Dr. Baden acknowledged that the pressure was not necessarily visible in the autopsy because by the time any doctors reviewed the body, the pressure had been released.",acknowledge,active,Dr. Baden,other,,none,False
nyt_floyd_04_autopsy-baden,nyt,He added that abrasions on the left side of Mr. Floyd’s face and shoulder showed how hard he was pressed against the pavement.,press,passive,he,other,,none,False
nyt_floyd_04_autopsy-baden,nyt,"“The video is real,” Dr. Baden said.",say,active,Dr. Baden,other,,none,False
nyt_floyd_04_autopsy-baden,nyt,"The doctors said the determination of cause and the manner of death were based on reviewing the circumstances, including the video, but also additional findings determined in their autopsy.",say,active,The doctors,other,,none,False
nyt_floyd_04_autopsy-baden,nyt,"“We do have physical evidence that supports that there was pressure applied to his neck,” Dr. Wilson said.w  Dr. Baden added, “The main thing is that we both say it’s a homicide due to the way he was being subdued.”",say,active,we both,other,,none,False
nyt_floyd_04_autopsy-baden,nyt,"“We do have physical evidence that supports that there was pressure applied to his neck,” Dr. Wilson said.w  Dr. Baden added, “The main thing is that we both say it’s a homicide due to the way he was being subdued.”",subdue,passive,he,other,,none,False
nyt_floyd_04_autopsy-baden,nyt,"He also did the private autopsy of Michael Brown, who was killed by a police officer in Ferguson, Mo., in 2014.",kill,passive,a police officer in Ferguson Mo.,police,who,other,False
nyt_floyd_04_autopsy-baden,nyt,"It is not unusual, he said, for autopsy reports to differ.",say,active,he,other,,none,False
nyt_floyd_04_autopsy-baden,nyt,"Ben Crump, the lawyer representing the Floyd family, said Mr. Floyd’s death was the result of three officers who came into physical contact with him, compressing his neck and back.",say,active,Ben Crump the lawyer representing the Floyd family,victim,,none,False
nyt_floyd_04_autopsy-baden,nyt,"Mr. Crump said Mr. Chauvin should be charged with first-degree murder rather than the lesser charge of third-degree murder he is facing, and that the other officers should face the “fullest extent of the law.”",say,active,Mr. Crump,other,,none,False
nyt_floyd_04_autopsy-baden,nyt,"He said that the family was distrusting of the Minneapolis Police Department based, in part, on the sanitized way it described how Mr. Floyd was detained, and that it was “encouraged” that Attorney General Keith Ellison of Minnesota was taking over the prosecution.",say,active,He,other,,none,False
nyt_floyd_04_autopsy-baden,nyt,"He said that the family was distrusting of the Minneapolis Police Department based, in part, on the sanitized way it described how Mr. Floyd was detained, and that it was “encouraged” that Attorney General Keith Ellison of Minnesota was taking over the prosecution.",detain,passive,Mr. Floyd,victim,,none,False
nyt_floyd_04_autopsy-baden,nyt,Nicholas Bogel-Burroughs contributed reporting.,report,active,,none,,none,False
nyt_floyd_05_witness-morries-hall,nyt,"Skip to contentSkip to site indexSection Navigation Search Politics GIVE THE TIMES  Account Politics | Witness Who Was in Floyd’s Car Says His Friend Did Not Resist Arrest Share full article   Witness Who Was in Floyd’s Car Says His Friend Did Not Resist Arrest Morries Lester Hall, who fled Minneapolis after witnessing George Floyd’s death, was arrested Monday in Houston and interviewed by a Minnesota investigator.",say,active,,none,,none,False
nyt_floyd_05_witness-morries-hall,nyt,"Skip to contentSkip to site indexSection Navigation Search Politics GIVE THE TIMES  Account Politics | Witness Who Was in Floyd’s Car Says His Friend Did Not Resist Arrest Share full article   Witness Who Was in Floyd’s Car Says His Friend Did Not Resist Arrest Morries Lester Hall, who fled Minneapolis after witnessing George Floyd’s death, was arrested Monday in Houston and interviewed by a Minnesota investigator.",say,active,"Arrest 
 Share full article 


 Witness Who Was in Floyd ’s Car",victim,,none,False
nyt_floyd_05_witness-morries-hall,nyt,"Skip to contentSkip to site indexSection Navigation Search Politics GIVE THE TIMES  Account Politics | Witness Who Was in Floyd’s Car Says His Friend Did Not Resist Arrest Share full article   Witness Who Was in Floyd’s Car Says His Friend Did Not Resist Arrest Morries Lester Hall, who fled Minneapolis after witnessing George Floyd’s death, was arrested Monday in Houston and interviewed by a Minnesota investigator.",arrest,passive,,none,,none,False
nyt_floyd_05_witness-morries-hall,nyt,"Caroline Yang for The New York Times Erica L. GreenKatie Benner By Erica L. Green and Katie Benner Published June 4, 2020 Updated April 14, 2021 WASHINGTON — A longtime friend of George Floyd’s who was in the passenger seat of Mr. Floyd’s car during his fatal encounter with a Minneapolis police officer said on Wednesday night that Mr. Floyd tried to defuse the tensions with the police and in no way resisted arrest.",say,active,A longtime friend of George Floyd ’s who was in the passenger seat of Mr. Floyd ’s car during his fatal encounter with a Minneapolis police officer,police,,none,False
nyt_floyd_05_witness-morries-hall,nyt,"“He was, from the beginning, trying in his humblest form to show he was not resisting in no form or way,” said the friend, Morries Lester Hall, 42, who was tracked down on Monday in Houston, arrested on outstanding warrants and interviewed by Minnesota state investigators.",say,active,the friend Morries Lester Hall 42 who was tracked down on Monday in Houston arrested on outstanding warrants and interviewed by Minnesota state investigators,police,,none,False
nyt_floyd_05_witness-morries-hall,nyt,"“He was, from the beginning, trying in his humblest form to show he was not resisting in no form or way,” said the friend, Morries Lester Hall, 42, who was tracked down on Monday in Houston, arrested on outstanding warrants and interviewed by Minnesota state investigators.",arrest,active,,none,,none,False
nyt_floyd_05_witness-morries-hall,nyt,"“I could hear him pleading, ‘Please, officer, what’s all this for?’”",plead,active,him,other,,none,True
nyt_floyd_05_witness-morries-hall,nyt,Mr. Hall said in an interview on Wednesday night with The New York Times.,say,active,Mr. Hall,other,,none,False
nyt_floyd_05_witness-morries-hall,nyt,"“He was just crying out at that time for anyone to help because he was dying,” Mr. Hall said.",die,active,he,other,,none,False
nyt_floyd_05_witness-morries-hall,nyt,"“He was just crying out at that time for anyone to help because he was dying,” Mr. Hall said.",say,active,Mr. Hall,other,,none,False
nyt_floyd_05_witness-morries-hall,nyt,"That’s what sticks with me, seeing a grown man cry, before seeing a grown man die.”",die,active,a grown man,civilian,,none,False
nyt_floyd_05_witness-morries-hall,nyt,"How George Floyd Was Killed in Police Custody May 31, 2020 Mr. Hall is a key witness in the state’s investigation into the four officers who apprehended Mr. Floyd, including Derek Chauvin, who knelt on Mr. Floyd’s neck for nearly nine minutes, even after he became unresponsive.",kill,passive,George Floyd,victim,,none,True
nyt_floyd_05_witness-morries-hall,nyt,"How George Floyd Was Killed in Police Custody May 31, 2020 Mr. Hall is a key witness in the state’s investigation into the four officers who apprehended Mr. Floyd, including Derek Chauvin, who knelt on Mr. Floyd’s neck for nearly nine minutes, even after he became unresponsive.",kneel,active,who,other,,none,True
nyt_floyd_05_witness-morries-hall,nyt,"“When the whole world was finding out that they murdered George Floyd,” he said, “I went and said a prayer where I witnessed him take his last breath, and I left.”",say,active,he,other,,none,False
nyt_floyd_05_witness-morries-hall,nyt,"“When the whole world was finding out that they murdered George Floyd,” he said, “I went and said a prayer where I witnessed him take his last breath, and I left.”",say,active,,none,,none,False
nyt_floyd_05_witness-morries-hall,nyt,Mr. Hall said he had left dinner with his family late this Monday evening when their car was surrounded by at least a dozen law enforcement officers.,say,active,Mr. Hall,other,,none,False
nyt_floyd_05_witness-morries-hall,nyt,"“When Mr. Hall’s family found us, he had been isolated in jail for 10 hours after being interrogated until 3 a.m.,” said Ashlee C. McFarlane, a partner at Gerger Khalil Hennessy & McFarlane, who is representing Mr. Hall.",say,active,Ashlee C. McFarlane a partner at Gerger Khalil Hennessy & McFarlane who is representing Mr. Hall,other,,none,False
nyt_floyd_05_witness-morries-hall,nyt,"It was inevitable,” Mr. Hall said in the interview with The Times.",say,active,Mr. Hall,other,,none,False
nyt_floyd_05_witness-morries-hall,nyt,"Mr. Hall said that he considered Mr. Floyd a confidant and a mentor, like many in the community, and that he went back to Houston because the “only ties I had in Minnesota that had me Houston-rooted was George.”  Agents of the Minnesota Bureau of Criminal Apprehension, which is building the state’s case against Mr. Chauvin and the three other officers involved in the Floyd case, “attempted to contact Mr. Hall numerous times to no avail,” said Bruce Gordon, a spokesman for the bureau.",say,active,Mr. Hall,other,,none,False
nyt_floyd_05_witness-morries-hall,nyt,"Mr. Hall said that he considered Mr. Floyd a confidant and a mentor, like many in the community, and that he went back to Houston because the “only ties I had in Minnesota that had me Houston-rooted was George.”  Agents of the Minnesota Bureau of Criminal Apprehension, which is building the state’s case against Mr. Chauvin and the three other officers involved in the Floyd case, “attempted to contact Mr. Hall numerous times to no avail,” said Bruce Gordon, a spokesman for the bureau.",say,active,Bruce Gordon a spokesman for the bureau,other,,none,False
nyt_floyd_05_witness-morries-hall,nyt,"Mr. Hall said that he was distraught and working through his trauma with his family, and was not taking phone calls in the days immediately after.",say,active,Mr. Hall,other,,none,False
nyt_floyd_05_witness-morries-hall,nyt,The bureau asked law enforcement agents in Texas to arrest Mr. Hall because it believed he was not cooperating with its investigation.,ask,active,The bureau,other,law enforcement agents,other,False
nyt_floyd_05_witness-morries-hall,nyt,The bureau asked law enforcement agents in Texas to arrest Mr. Hall because it believed he was not cooperating with its investigation.,arrest,active,,none,Mr. Hall,other,False
nyt_floyd_05_witness-morries-hall,nyt,"Mr. Hall and Ms. McFarlane, his lawyer, said that he cooperated fully with the Minnesota official’s interview.",say,active,Mr. Hall and Ms. McFarlane his lawyer,other,,none,False
nyt_floyd_05_witness-morries-hall,nyt,Mr. Hall said that he did not know the woman’s name.,say,active,Mr. Hall,other,,none,False
nyt_floyd_05_witness-morries-hall,nyt,Minnesota officials said on Wednesday that the state had upgraded the charges against Mr. Chauvin to second-degree murder from third-degree murder and manslaughter.,say,active,Minnesota officials,police,,none,False
nyt_floyd_05_witness-morries-hall,nyt,All four officers were fired the day after Mr. Floyd died and video of his death went viral online.,fire,passive,All four officers,police,,none,False
nyt_floyd_05_witness-morries-hall,nyt,All four officers were fired the day after Mr. Floyd died and video of his death went viral online.,die,active,Mr. Floyd,victim,,none,False
nyt_floyd_05_witness-morries-hall,nyt,"“I walk with Floyd,” Mr. Hall said.",say,active,Mr. Hall,other,,none,False
nyt_floyd_05_witness-morries-hall,nyt,She was part of a team that won a Pulitzer Prize in 2018 for public service for reporting on workplace sexual harassment issues.,report,active,,none,,none,False
